"DESCRIPTION","DURATION IN MS","NAME","PARENT SUITE","START TIME","STATUS","STOP TIME","SUB SUITE","SUITE","TEST CLASS","TEST METHOD"
"","976","all roles should be able to view the dashboard","chromium","2026-09-29","passed","2026-09-29","User Role Permissions","","",""
"","1402","should not advance from step 1 without filling required fields","webkit","2026-09-29","passed","2026-09-29","Generate Report Wizard","","",""
"","98","series should contain 30 days of data","firefox","2026-09-29","passed","2026-09-29","Metrics API","","",""
"","28","valid token grants access to GET /api/auth/me","webkit","2026-09-29","passed","2026-09-29","Auth API","","",""
"","9","request with invalid token returns 403","webkit","2026-09-29","passed","2026-09-29","Auth API","","",""
"","1085","should delete a user after confirmation","webkit","2026-09-29","passed","2026-09-29","User Management","","",""
"","563","traffic chart canvas should be visible","chromium","2026-09-29","passed","2026-09-29","Dashboard Metrics","","",""
"","21","DELETE /api/users/:id removes user","firefox","2026-09-29","passed","2026-09-29","Users API","","",""
"","539","activity chart canvas should render with data","chromium","2026-09-29","passed","2026-09-29","Dashboard Metrics","","",""
"","754","download CSV button should be present on reports","firefox","2026-09-29","passed","2026-09-29","Generate Report Wizard","","",""
"","1302","each metric card should show a numeric value","webkit","2026-09-29","passed","2026-09-29","Dashboard Metrics","","",""
"","679","should filter users by search query","chromium","2026-09-29","passed","2026-09-29","User Management","","",""
"","827","should restore report after clicking undo","chromium","2026-09-29","passed","2026-09-29","Report Export and Delete","","",""
"","1099","viewer should still see users table","webkit","2026-09-29","passed","2026-09-29","User Role Permissions","","",""
"","796","should redirect to dashboard if already authenticated","chromium","2026-09-29","passed","2026-09-29","Login","","",""
"","971","should navigate to users page","firefox","2026-09-29","passed","2026-09-29","Sidebar Navigation","","",""
"","11","GET /api/users/:id returns 404 for non-existent user","chromium","2026-09-29","passed","2026-09-29","Users API","","",""
"","1275","should handle very long input without crashing","webkit","2026-09-29","passed","2026-09-29","Login","","",""
"","1792","should progress through all 3 wizard steps","webkit","2026-09-29","passed","2026-09-29","Generate Report Wizard","","",""
"","19","POST /api/auth/login returns 400 when email is missing","firefox","2026-09-29","passed","2026-09-29","Auth API","","",""
"","1096","admin should see add user button","webkit","2026-09-29","passed","2026-09-29","User Role Permissions","","",""
"","867","each metric card should show a numeric value","firefox","2026-09-29","passed","2026-09-29","Dashboard Metrics","","",""
"","864","should clear localStorage token on logout","chromium","2026-09-29","passed","2026-09-29","Logout","","",""
"","12","request with invalid token returns 403","firefox","2026-09-29","passed","2026-09-29","Auth API","","",""
"","472","should have valid token in localStorage after login","chromium","2026-09-29","passed","2026-09-29","Session Persistence","","",""
"","683","should have valid token in localStorage after login","firefox","2026-09-29","passed","2026-09-29","Session Persistence","","",""
"","1103","notification bell should be visible in header","webkit","2026-09-29","passed","2026-09-29","Dashboard Widgets","","",""
"","20","POST /api/auth/login returns 400 when email is missing","chromium","2026-09-29","passed","2026-09-29","Auth API","","",""
"","647","each metric card should show a numeric value","chromium","2026-09-29","passed","2026-09-29","Dashboard Metrics","","",""
"","17","POST /api/users creates a new user","webkit","2026-09-29","passed","2026-09-29","Users API","","",""
"","716","should set remember me flag in localStorage","chromium","2026-09-29","passed","2026-09-29","Login","","",""
"","21","POST /api/auth/login returns 400 when email is missing","webkit","2026-09-29","passed","2026-09-29","Auth API","","",""
"","590","should display all 4 metric cards @smoke","chromium","2026-09-29","passed","2026-09-29","Dashboard Metrics","","",""
"","12","GET /api/users/:id returns 404 for non-existent user","firefox","2026-09-29","passed","2026-09-29","Users API","","",""
"","657","analytics nav item should be active on analytics page","firefox","2026-09-29","passed","2026-09-29","Sidebar Navigation","","",""
"","745","should display all 4 metric cards @smoke","firefox","2026-09-29","passed","2026-09-29","Dashboard Metrics","","",""
"","565","should not be vulnerable to SQL injection in email field","firefox","2026-09-29","passed","2026-09-29","Login","","",""
"","1329","should show error when email field is empty","webkit","2026-09-29","passed","2026-09-29","Login","","",""
"","19","POST /api/auth/logout invalidates the token","firefox","2026-09-29","passed","2026-09-29","Auth API","","",""
"","480","should show undo toast after deleting a report @smoke","chromium","2026-09-29","passed","2026-09-29","Report Export and Delete","","",""
"","20","POST /api/users creates a new user","chromium","2026-09-29","passed","2026-09-29","Users API","","",""
"","1569","should show error message when email is not registered","webkit","2026-09-29","passed","2026-09-29","Login","","",""
"","396","admin should see delete buttons on user rows","chromium","2026-09-29","passed","2026-09-29","User Role Permissions","","",""
"","357","should filter users by role","chromium","2026-09-29","passed","2026-09-29","User Management","","",""
"","15","GET /api/users supports search query","firefox","2026-09-29","passed","2026-09-29","Users API","","",""
"","916","activity feed should display items","firefox","2026-09-29","passed","2026-09-29","Dashboard Widgets","","",""
"","1214","should filter users by search query","firefox","2026-09-29","passed","2026-09-29","User Management","","",""
"","20","should return exactly 4 metric cards","webkit","2026-09-29","passed","2026-09-29","Metrics API","","",""
"","417","should show email validation error for invalid email format","chromium","2026-09-29","passed","2026-09-29","User Management","","",""
"","24","PUT /api/users/:id updates user role","chromium","2026-09-29","passed","2026-09-29","Users API","","",""
"","708","activity items should show timestamps","firefox","2026-09-29","passed","2026-09-29","Dashboard Widgets","","",""
"","1411","should persist session across page reload","webkit","2026-09-29","passed","2026-09-29","Session Persistence","","",""
"","1328","should navigate to analytics page @smoke","firefox","2026-09-29","passed","2026-09-29","Sidebar Navigation","","",""
"","90","series should contain 30 days of data","webkit","2026-09-29","passed","2026-09-29","Metrics API","","",""
"","759","each report should show status badge","firefox","2026-09-29","passed","2026-09-29","Report Export and Delete","","",""
"","765","should log in with valid editor credentials","firefox","2026-09-29","passed","2026-09-29","Login","","",""
"","1248","should navigate to reports page","webkit","2026-09-29","passed","2026-09-29","Sidebar Navigation","","",""
"","1199","should display correctly at 1280px viewport","webkit","2026-09-29","passed","2026-09-29","Dashboard Metrics","","",""
"","573","should open add user modal on button click @smoke","firefox","2026-09-29","passed","2026-09-29","User Management","","",""
"","923","viewer should still see users table","firefox","2026-09-29","passed","2026-09-29","User Role Permissions","","",""
"","430","should open delete confirmation dialog","chromium","2026-09-29","passed","2026-09-29","User Management","","",""
"","463","should close modal on cancel","chromium","2026-09-29","passed","2026-09-29","User Management","","",""
"","1863","all roles should be able to view the dashboard","firefox","2026-09-29","passed","2026-09-29","User Role Permissions","","",""
"","12","GET /api/users/:id returns 404 for non-existent user","webkit","2026-09-29","passed","2026-09-29","Users API","","",""
"","1396","should add a new user successfully","webkit","2026-09-29","passed","2026-09-29","User Management","","",""
"","537","should not be vulnerable to SQL injection in email field","chromium","2026-09-29","passed","2026-09-29","Login","","",""
"","52","POST /api/auth/login returns 200 and token with valid credentials @smoke","chromium","2026-09-29","passed","2026-09-29","Auth API","","",""
"","44","POST /api/auth/login returns 401 for invalid password @smoke","webkit","2026-09-29","passed","2026-09-29","Auth API","","",""
"","2283","should log in with valid admin credentials @smoke","firefox","2026-09-29","passed","2026-09-29","Login","","",""
"","1853","should generate report and show in list","webkit","2026-09-29","passed","2026-09-29","Generate Report Wizard","","",""
"","859","should redirect to login when accessing protected route after logout","chromium","2026-09-29","passed","2026-09-29","Logout","","",""
"","457","activity items should show timestamps","chromium","2026-09-29","passed","2026-09-29","Dashboard Widgets","","",""
"","16","POST /api/users returns 400 for missing required fields","chromium","2026-09-29","passed","2026-09-29","Users API","","",""
"","527","should handle very long input without crashing","chromium","2026-09-29","passed","2026-09-29","Login","","",""
"","604","should show validation errors when submitting empty form","firefox","2026-09-29","passed","2026-09-29","User Management","","",""
"","531","should show pagination controls","firefox","2026-09-29","passed","2026-09-29","User Management","","",""
"","1311","should show email validation error for invalid email format","firefox","2026-09-29","passed","2026-09-29","User Management","","",""
"","454","should open wizard on button click @smoke","chromium","2026-09-29","passed","2026-09-29","Generate Report Wizard","","",""
"","21","request without token returns 401","webkit","2026-09-29","passed","2026-09-29","Auth API","","",""
"","50","each metric card should have required shape","chromium","2026-09-29","passed","2026-09-29","Metrics API","","",""
"","31","GET /api/users returns paginated list @smoke","chromium","2026-09-29","passed","2026-09-29","Users API","","",""
"","543","dashboard nav item should be active on dashboard page","chromium","2026-09-29","passed","2026-09-29","Sidebar Navigation","","",""
"","21","should return exactly 4 metric cards","firefox","2026-09-29","passed","2026-09-29","Metrics API","","",""
"","374","should cancel delete dialog without deleting","chromium","2026-09-29","passed","2026-09-29","User Management","","",""
"","962","download CSV button should be present on reports","webkit","2026-09-29","passed","2026-09-29","Generate Report Wizard","","",""
"","718","each metric card should show a trend direction indicator","chromium","2026-09-29","passed","2026-09-29","Dashboard Metrics","","",""
"","612","should navigate to analytics page @smoke","chromium","2026-09-29","passed","2026-09-29","Sidebar Navigation","","",""
"","795","should clear localStorage token on logout","firefox","2026-09-29","passed","2026-09-29","Logout","","",""
"","12","GET /api/metrics returns 401 without token","chromium","2026-09-29","passed","2026-09-29","Metrics API","","",""
"","947","activity chart canvas should render with data","firefox","2026-09-29","passed","2026-09-29","Dashboard Metrics","","",""
"","1676","should redirect to dashboard if already authenticated","webkit","2026-09-29","passed","2026-09-29","Login","","",""
"","1447","should not be vulnerable to SQL injection in email field","webkit","2026-09-29","passed","2026-09-29","Login","","",""
"","1067","should open delete confirmation dialog","webkit","2026-09-29","passed","2026-09-29","User Management","","",""
"","1631","should restore report after clicking undo","webkit","2026-09-29","passed","2026-09-29","Report Export and Delete","","",""
"","976","should display correctly at 768px viewport","firefox","2026-09-29","passed","2026-09-29","Dashboard Metrics","","",""
"","1273","should log in with valid admin credentials @smoke","chromium","2026-09-29","passed","2026-09-29","Login","","",""
"","56","POST /api/auth/login returns 401 for invalid password @smoke","firefox","2026-09-29","passed","2026-09-29","Auth API","","",""
"","585","should generate report and show in list","chromium","2026-09-29","passed","2026-09-29","Generate Report Wizard","","",""
"","671","admin should see delete buttons on user rows","firefox","2026-09-29","passed","2026-09-29","User Role Permissions","","",""
"","25","GET /api/users supports search query","chromium","2026-09-29","passed","2026-09-29","Users API","","",""
"","1019","analytics nav item should be active on analytics page","webkit","2026-09-29","passed","2026-09-29","Sidebar Navigation","","",""
"","763","admin should see add user button","firefox","2026-09-29","passed","2026-09-29","User Role Permissions","","",""
"","572","should navigate to users page","chromium","2026-09-29","passed","2026-09-29","Sidebar Navigation","","",""
"","54","POST /api/auth/login returns 200 and token with valid credentials @smoke","webkit","2026-09-29","passed","2026-09-29","Auth API","","",""
"","1197","should generate report and show in list","firefox","2026-09-29","passed","2026-09-29","Generate Report Wizard","","",""
"","59","POST /api/auth/login returns 401 for invalid password @smoke","chromium","2026-09-29","passed","2026-09-29","Auth API","","",""
"","875","should open wizard on button click @smoke","firefox","2026-09-29","passed","2026-09-29","Generate Report Wizard","","",""
"","19","DELETE /api/users/:id removes user","chromium","2026-09-29","passed","2026-09-29","Users API","","",""
"","1120","should load users table with data @smoke","webkit","2026-09-29","passed","2026-09-29","User Management","","",""
"","19","GET /api/metrics returns 401 without token","webkit","2026-09-29","passed","2026-09-29","Metrics API","","",""
"","1237","should have user profile in localStorage after login","webkit","2026-09-29","passed","2026-09-29","Session Persistence","","",""
"","368","viewer should still see users table","chromium","2026-09-29","passed","2026-09-29","User Role Permissions","","",""
"","1059","traffic chart canvas should be visible","webkit","2026-09-29","passed","2026-09-29","Dashboard Metrics","","",""
"","1142","each report should show status badge","webkit","2026-09-29","passed","2026-09-29","Report Export and Delete","","",""
"","391","should load users table with data @smoke","chromium","2026-09-29","passed","2026-09-29","User Management","","",""
"","393","should delete a user after confirmation","chromium","2026-09-29","passed","2026-09-29","User Management","","",""
"","1019","should navigate to reports page","firefox","2026-09-29","passed","2026-09-29","Sidebar Navigation","","",""
"","31","each metric card should have required shape","webkit","2026-09-29","passed","2026-09-29","Metrics API","","",""
"","16","POST /api/auth/login returns 400 when password is missing","firefox","2026-09-29","passed","2026-09-29","Auth API","","",""
"","584","should show error message when email is not registered","chromium","2026-09-29","passed","2026-09-29","Login","","",""
"","847","traffic chart canvas should be visible","firefox","2026-09-29","passed","2026-09-29","Dashboard Metrics","","",""
"","958","admin should see delete buttons on user rows","webkit","2026-09-29","passed","2026-09-29","User Role Permissions","","",""
"","22","GET /api/users supports search query","webkit","2026-09-29","passed","2026-09-29","Users API","","",""
"","801","should cancel delete dialog without deleting","firefox","2026-09-29","passed","2026-09-29","User Management","","",""
"","362","should sort users by name ascending","chromium","2026-09-29","passed","2026-09-29","User Management","","",""
"","455","should show pagination controls","chromium","2026-09-29","passed","2026-09-29","User Management","","",""
"","506","should handle very long input without crashing","firefox","2026-09-29","passed","2026-09-29","Login","","",""
"","31","GET /api/users returns paginated list @smoke","firefox","2026-09-29","passed","2026-09-29","Users API","","",""
"","710","should add a new user successfully","chromium","2026-09-29","passed","2026-09-29","User Management","","",""
"","598","should open delete confirmation dialog","firefox","2026-09-29","passed","2026-09-29","User Management","","",""
"","798","should redirect to dashboard if already authenticated","firefox","2026-09-29","passed","2026-09-29","Login","","",""
"","977","should add a new user successfully","firefox","2026-09-29","passed","2026-09-29","User Management","","",""
"","15","DELETE /api/users/:id removes user","webkit","2026-09-29","passed","2026-09-29","Users API","","",""
"","736","user avatar should show initials in header","firefox","2026-09-29","passed","2026-09-29","Dashboard Widgets","","",""
"","27","POST /api/auth/login returns 400 when password is missing","webkit","2026-09-29","passed","2026-09-29","Auth API","","",""
"","27","POST /api/auth/logout invalidates the token","chromium","2026-09-29","passed","2026-09-29","Auth API","","",""
"","1075","should close modal on cancel","webkit","2026-09-29","passed","2026-09-29","User Management","","",""
"","1219","should show email validation error for invalid email format","webkit","2026-09-29","passed","2026-09-29","User Management","","",""
"","2744","should log out and redirect to login page @smoke","firefox","2026-09-29","passed","2026-09-29","Logout","","",""
"","1266","should display all 4 metric cards @smoke","webkit","2026-09-29","passed","2026-09-29","Dashboard Metrics","","",""
"","375","should show validation errors when submitting empty form","chromium","2026-09-29","passed","2026-09-29","User Management","","",""
"","907","should open add user modal on button click @smoke","webkit","2026-09-29","passed","2026-09-29","User Management","","",""
"","1143","activity feed should display items","webkit","2026-09-29","passed","2026-09-29","Dashboard Widgets","","",""
"","541","should show error when email field is empty","firefox","2026-09-29","passed","2026-09-29","Login","","",""
"","375","each report should show status badge","chromium","2026-09-29","passed","2026-09-29","Report Export and Delete","","",""
"","184","POST /api/auth/logout invalidates the token","webkit","2026-09-29","passed","2026-09-29","Auth API","","",""
"","1452","should filter users by search query","webkit","2026-09-29","passed","2026-09-29","User Management","","",""
"","481","should show error when email field is empty","chromium","2026-09-29","passed","2026-09-29","Login","","",""
"","1351","should log out and redirect to login page @smoke","chromium","2026-09-29","passed","2026-09-29","Logout","","",""
"","416","report list should have at least one report","chromium","2026-09-29","passed","2026-09-29","Report Export and Delete","","",""
"","30","GET /api/metrics returns all expected fields @smoke","firefox","2026-09-29","passed","2026-09-29","Metrics API","","",""
"","666","should delete a user after confirmation","firefox","2026-09-29","passed","2026-09-29","User Management","","",""
"","795","dashboard nav item should be active on dashboard page","firefox","2026-09-29","passed","2026-09-29","Sidebar Navigation","","",""
"","766","should display correctly at 1280px viewport","firefox","2026-09-29","passed","2026-09-29","Dashboard Metrics","","",""
"","1920","should clear localStorage token on logout","webkit","2026-09-29","passed","2026-09-29","Logout","","",""
"","442","notification bell should be visible in header","chromium","2026-09-29","passed","2026-09-29","Dashboard Widgets","","",""
"","770","should show undo toast after deleting a report @smoke","firefox","2026-09-29","passed","2026-09-29","Report Export and Delete","","",""
"","1081","should display correctly at 768px viewport","webkit","2026-09-29","passed","2026-09-29","Dashboard Metrics","","",""
"","785","should show pagination controls","webkit","2026-09-29","passed","2026-09-29","User Management","","",""
"","11","POST /api/users returns 400 for missing required fields","webkit","2026-09-29","passed","2026-09-29","Users API","","",""
"","27","should return exactly 4 metric cards","chromium","2026-09-29","passed","2026-09-29","Metrics API","","",""
"","502","activity feed should display items","chromium","2026-09-29","passed","2026-09-29","Dashboard Widgets","","",""
"","183","GET /api/metrics returns all expected fields @smoke","webkit","2026-09-29","passed","2026-09-29","Metrics API","","",""
"","544","should show error when password field is empty","firefox","2026-09-29","passed","2026-09-29","Login","","",""
"","527","should display correctly at 1280px viewport","chromium","2026-09-29","passed","2026-09-29","Dashboard Metrics","","",""
"","692","should navigate to reports page","chromium","2026-09-29","passed","2026-09-29","Sidebar Navigation","","",""
"","1531","should not advance from step 1 without filling required fields","firefox","2026-09-29","passed","2026-09-29","Generate Report Wizard","","",""
"","2398","all roles should be able to view the dashboard","webkit","2026-09-29","passed","2026-09-29","User Role Permissions","","",""
"","1441","should progress through all 3 wizard steps","firefox","2026-09-29","passed","2026-09-29","Generate Report Wizard","","",""
"","1267","should open wizard on button click @smoke","webkit","2026-09-29","passed","2026-09-29","Generate Report Wizard","","",""
"","992","should cancel delete dialog without deleting","webkit","2026-09-29","passed","2026-09-29","User Management","","",""
"","48","each metric card should have required shape","firefox","2026-09-29","passed","2026-09-29","Metrics API","","",""
"","1086","dashboard nav item should be active on dashboard page","webkit","2026-09-29","passed","2026-09-29","Sidebar Navigation","","",""
"","1173","activity items should show timestamps","webkit","2026-09-29","passed","2026-09-29","Dashboard Widgets","","",""
"","541","should persist session across page reload","chromium","2026-09-29","passed","2026-09-29","Session Persistence","","",""
"","557","should sort users by name ascending","firefox","2026-09-29","passed","2026-09-29","User Management","","",""
"","1327","should show error when password field is empty","webkit","2026-09-29","passed","2026-09-29","Login","","",""
"","648","should have user profile in localStorage after login","firefox","2026-09-29","passed","2026-09-29","Session Persistence","","",""
"","1712","should log in with valid editor credentials","webkit","2026-09-29","passed","2026-09-29","Login","","",""
"","996","should persist session across page reload","firefox","2026-09-29","passed","2026-09-29","Session Persistence","","",""
"","1372","each metric card should show a trend direction indicator","webkit","2026-09-29","passed","2026-09-29","Dashboard Metrics","","",""
"","13389","should log in with valid admin credentials @smoke","webkit","2026-09-29","passed","2026-09-29","Login","","",""
"","11","GET /api/metrics returns 401 without token","firefox","2026-09-29","passed","2026-09-29","Metrics API","","",""
"","862","each metric card should show a trend direction indicator","firefox","2026-09-29","passed","2026-09-29","Dashboard Metrics","","",""
"","2607","should redirect to login when accessing protected route after logout","webkit","2026-09-29","passed","2026-09-29","Logout","","",""
"","16","POST /api/users returns 400 for missing required fields","firefox","2026-09-29","passed","2026-09-29","Users API","","",""
"","519","should show error message when email is not registered","firefox","2026-09-29","passed","2026-09-29","Login","","",""
"","885","should sort users by name ascending","webkit","2026-09-29","passed","2026-09-29","User Management","","",""
"","495","user avatar should show initials in header","chromium","2026-09-29","passed","2026-09-29","Dashboard Widgets","","",""
"","1370","should show error message when password is incorrect @smoke","webkit","2026-09-29","passed","2026-09-29","Login","","",""
"","624","report list should have at least one report","firefox","2026-09-29","passed","2026-09-29","Report Export and Delete","","",""
"","55","POST /api/auth/login returns 200 and token with valid credentials @smoke","firefox","2026-09-29","passed","2026-09-29","Auth API","","",""
"","1485","should navigate to analytics page @smoke","webkit","2026-09-29","passed","2026-09-29","Sidebar Navigation","","",""
"","985","should have valid token in localStorage after login","webkit","2026-09-29","passed","2026-09-29","Session Persistence","","",""
"","990","should redirect to login when accessing protected route after logout","firefox","2026-09-29","passed","2026-09-29","Logout","","",""
"","1141","should show validation errors when submitting empty form","webkit","2026-09-29","passed","2026-09-29","User Management","","",""
"","363","download CSV button should be present on reports","chromium","2026-09-29","passed","2026-09-29","Generate Report Wizard","","",""
"","21","POST /api/users creates a new user","firefox","2026-09-29","passed","2026-09-29","Users API","","",""
"","483","analytics nav item should be active on analytics page","chromium","2026-09-29","passed","2026-09-29","Sidebar Navigation","","",""
"","732","should log in with valid editor credentials","chromium","2026-09-29","passed","2026-09-29","Login","","",""
"","24","valid token grants access to GET /api/auth/me","firefox","2026-09-29","passed","2026-09-29","Auth API","","",""
"","489","should progress through all 3 wizard steps","chromium","2026-09-29","passed","2026-09-29","Generate Report Wizard","","",""
"","907","should set remember me flag in localStorage","firefox","2026-09-29","passed","2026-09-29","Login","","",""
"","611","should show error message when password is incorrect @smoke","chromium","2026-09-29","passed","2026-09-29","Login","","",""
"","1256","report list should have at least one report","webkit","2026-09-29","passed","2026-09-29","Report Export and Delete","","",""
"","769","should load users table with data @smoke","firefox","2026-09-29","passed","2026-09-29","User Management","","",""
"","19","PUT /api/users/:id updates user role","firefox","2026-09-29","passed","2026-09-29","Users API","","",""
"","18","POST /api/auth/login returns 400 when password is missing","chromium","2026-09-29","passed","2026-09-29","Auth API","","",""
"","495","should have user profile in localStorage after login","chromium","2026-09-29","passed","2026-09-29","Session Persistence","","",""
"","408","admin should see add user button","chromium","2026-09-29","passed","2026-09-29","User Role Permissions","","",""
"","368","should open add user modal on button click @smoke","chromium","2026-09-29","passed","2026-09-29","User Management","","",""
"","1701","should set remember me flag in localStorage","webkit","2026-09-29","passed","2026-09-29","Login","","",""
"","1336","activity chart canvas should render with data","webkit","2026-09-29","passed","2026-09-29","Dashboard Metrics","","",""
"","27","valid token grants access to GET /api/auth/me","chromium","2026-09-29","passed","2026-09-29","Auth API","","",""
"","753","notification bell should be visible in header","firefox","2026-09-29","passed","2026-09-29","Dashboard Widgets","","",""
"","506","should show error message when password is incorrect @smoke","firefox","2026-09-29","passed","2026-09-29","Login","","",""
"","406","should show error when password field is empty","chromium","2026-09-29","passed","2026-09-29","Login","","",""
"","539","should filter users by role","firefox","2026-09-29","passed","2026-09-29","User Management","","",""
"","1297","should show undo toast after deleting a report @smoke","webkit","2026-09-29","passed","2026-09-29","Report Export and Delete","","",""
"","1101","user avatar should show initials in header","webkit","2026-09-29","passed","2026-09-29","Dashboard Widgets","","",""
"","14","PUT /api/users/:id updates user role","webkit","2026-09-29","passed","2026-09-29","Users API","","",""
"","13780","should log out and redirect to login page @smoke","webkit","2026-09-29","passed","2026-09-29","Logout","","",""
"","497","should not advance from step 1 without filling required fields","chromium","2026-09-29","passed","2026-09-29","Generate Report Wizard","","",""
"","20","request without token returns 401","firefox","2026-09-29","passed","2026-09-29","Auth API","","",""
"","15","request with invalid token returns 403","chromium","2026-09-29","passed","2026-09-29","Auth API","","",""
"","21","GET /api/users returns paginated list @smoke","webkit","2026-09-29","passed","2026-09-29","Users API","","",""
"","1187","should restore report after clicking undo","firefox","2026-09-29","passed","2026-09-29","Report Export and Delete","","",""
"","39","GET /api/metrics returns all expected fields @smoke","chromium","2026-09-29","passed","2026-09-29","Metrics API","","",""
"","23","request without token returns 401","chromium","2026-09-29","passed","2026-09-29","Auth API","","",""
"","485","should display correctly at 768px viewport","chromium","2026-09-29","passed","2026-09-29","Dashboard Metrics","","",""
"","789","should filter users by role","webkit","2026-09-29","passed","2026-09-29","User Management","","",""
"","880","should close modal on cancel","firefox","2026-09-29","passed","2026-09-29","User Management","","",""
"","128","series should contain 30 days of data","chromium","2026-09-29","passed","2026-09-29","Metrics API","","",""
"","1482","should navigate to users page","webkit","2026-09-29","passed","2026-09-29","Sidebar Navigation","","",""
